{
    "robot":
    {
        "pose":
        {
            "pos": [0,0,0],
            "ori": [0,0,0,1]
        },
        "urdf": "data/models/robot/motoman.urdf",
        "urdf_o": "urdf/motoman.urdf"
    },
    "workspace":
    {
        "components":
        {
            "shelf_bottom":
            {
                "pose":
                {
                    "pos": [0.65,0,0.45],
                    "ori": [0,0,0,1]
                },
                "shape": [0.35, 0.9, 0.9]
            },
            "shelf_top":
            {
                "pose":
                {
                    "pos": [0.65,0,1.425],
                    "ori": [0,0,0,1]
                },
                "shape": [0.35,0.9,0.05]
            },
            "shelf_padding_left":
            {
                "pose":
                {
                    "pos": [0.65,-0.425,1.15],
                    "ori": [0,0,0,1]
                },
                "shape": [0.35,0.05,0.5]
            },
            "shelf_padding_right":
            {
                "pose":
                {
                    "pos": [0.65,0.425,1.15],
                    "ori": [0,0,0,1]
                },
                "shape": [0.35,0.05,0.5]
            },
            "shelf_padding_back":
            {
                "pose":
                {
                    "pos": [0.8,0,1.15],
                    "ori": [0,0,0,1]
                },
                "shape": [0.05,0.9,0.5]
            }
        },
        "pos": [0.3,0,0],
        "ori": [0,0,0,1],
        "region_low": [0.475, -0.4, 0.9],
        "region_high": [0.775, 0.4, 1.3],
        "padding": [0.04, 0.03, 0.0]
    },
    "camera":
    {
        "extrinsic": [[-0.0182505, -0.724286, 0.689259, 0.329174],[-0.999453, 0.0322427, 0.00741728, -0.036492],[-0.0275958, -0.688746, -0.724478, 1.24839],[0.0, 0.0, 0.0, 1.0]],
        "intrinsic": [90.0, 1.78, 0.1, 1.5]
    }
}
