{
    "robot":
    {
        "pose":
        {
            "pos": [0,0,0],
            "posm": [0,0,0],
            "ori": [0,0,0,1]
        },
        "urdfb": "urdf/baxter.urdf",
        "urdf": "data/models/robot/motoman.urdf"
    },
    "workspace":
    {
        "components":
        {
            "shelf_bottom":
            {
                "pose":
                {
                    "pos": [0.67,0,0.5],
                    "ori": [0,0,0,1]
                },
                "shape": [0.5, 0.8, 1.0]
            }
        },
        "pos": [0.2,0,-0.1],
        "ori": [0,0,0,1],
        "region_low": [0.47, -0.35, 1.0],
        "region_high": [0.87, 0.35, 5.0],
        "padding": [0.00, 0.00, 0.0]
    },
    "camera":
    {
        "extrinsic": [[-0.0182505, -0.724286, 0.689259, 0.329174],[-0.999453, 0.0322427, 0.00741728, -0.036492],[-0.0275958, -0.688746, -0.724478, 1.24839],[0.0, 0.0, 0.0, 1.0]],
        "intrinsic": [90.0, 1.78, 0.1, 1.5]
    }
}
